{
  "X_mean": [
    8000.827133465346,
    -0.9890236031095297,
    22.103182909653466,
    -11215.901310732674,
    236952.44030479208,
    7096.511159762376,
    8072.054723168317,
    -5.901449977761448e-14,
    0.032771523050742574,
    -4.720982938709826e-09,
    -0.0085759765625,
    1.1803195028021785e-09,
    0.021874238087871287,
    -5.901449977761448e-14,
    0.0053695220645111385
  ],
  "X_std": [
    1066.4773249059879,
    1065.9923362859076,
    1064.2531440676298,
    295004.5621733273,
    295192.42190124246,
    294996.2522964332,
    1061.777453111046,
    0.7101291838862233,
    0.703308975322841,
    0.7052049995807774,
    0.7089517000080379,
    0.700741343594139,
    0.7130795747396836,
    0.7003270565091463,
    0.7138019024637744
  ],
  "y_mean": [
    -5174.351948039604,
    7669.706209584158,
    189.95127514975246
  ],
  "y_std": [
    12099.20493081195,
    11760.856259403858,
    10449.114224743835
  ]
}