{
  "X_mean": [
    8003.364919762376,
    1.0620832744430693,
    22.320365398514852,
    -11000.11597560396,
    237580.3713799604,
    7452.781188039604,
    8066.246508990099,
    -4.721396040208269e-09,
    0.02315474551361386,
    0.0,
    -0.018655561571782178,
    2.950724988880724e-14,
    0.012023309870049506,
    1.1802899955522897e-13,
    -0.004454278020575495
  ],
  "X_std": [
    1000.1290829598229,
    1000.596296109622,
    1000.5284321693017,
    294850.66219008504,
    294678.55476890213,
    295325.27208542713,
    995.9248231816246,
    0.7136725846382495,
    0.7000964783223182,
    0.7086758478477575,
    0.7052874994180323,
    0.7042342011828084,
    0.7098658446300631,
    0.7039682445393999,
    0.7102175545576891
  ],
  "y_mean": [
    -5172.74708150495,
    7684.6464,
    199.69660617821782
  ],
  "y_std": [
    12084.410941330736,
    11762.38824548912,
    10457.232951140637
  ]
}