{
  "X_mean": [
    8001.056103920792,
    2.380437557240099,
    21.245425728496286,
    -11570.376665980199,
    236968.00575366337,
    7500.789711841584,
    8088.617978930693,
    -4.721396040208269e-09,
    0.02315474551361386,
    0.0,
    -0.018655561571782178,
    2.950724988880724e-14,
    0.012023309870049506,
    1.1802899955522897e-13,
    -0.004454278020575495
  ],
  "X_std": [
    1181.553110387371,
    1180.786974263588,
    1182.8017269563434,
    294843.8898750537,
    294958.9033885562,
    295388.1326377647,
    1175.5739995501704,
    0.7136725846382495,
    0.7000964783223182,
    0.7086758478477575,
    0.7052874994180323,
    0.7042342011828084,
    0.7098658446300631,
    0.7039682445393999,
    0.7102175545576891
  ],
  "y_mean": [
    -5180.515748752476,
    7672.645170693069,
    202.16272244059405
  ],
  "y_std": [
    12139.746704314719,
    11778.15278591535,
    10494.500379122625
  ]
}