{
  "X_mean": [
    8002.41888739274,
    0.5805355177392739,
    24.38898801980198,
    -11356.023128712872,
    237612.55096184817,
    7587.613304818482,
    8065.728768844884,
    -5.901449977761448e-14,
    0.032771523050742574,
    -4.720982938709826e-09,
    -0.0085759765625,
    1.1803195028021785e-09,
    0.021874238087871287,
    -5.901449977761448e-14,
    0.0053695220645111385
  ],
  "X_std": [
    1001.0544941450355,
    1002.5902286391671,
    1001.0734509586214,
    294765.3232394368,
    295213.09021283867,
    294871.30872561876,
    996.8269536248698,
    0.7101291838862238,
    0.703308975322841,
    0.7052049995807766,
    0.7089517000080385,
    0.7007413435941396,
    0.7130795747396829,
    0.7003270565091456,
    0.7138019024637743
  ],
  "y_mean": [
    -5158.743276567657,
    7690.578545214521,
    197.5365577557756
  ],
  "y_std": [
    12067.342592691573,
    11764.416814213282,
    10425.797877809475
  ]
}