{
  "X_mean": [
    8003.651472475248,
    -4.48597178333849,
    20.721793391089108,
    -12088.376573465346,
    236868.1014748515,
    7389.682832475248,
    8066.35264,
    -5.901449977761448e-14,
    0.032771523050742574,
    -4.720982938709826e-09,
    -0.0085759765625,
    1.1803195028021785e-09,
    0.021874238087871287,
    -5.901449977761448e-14,
    0.0053695220645111385
  ],
  "X_std": [
    1000.4749444793124,
    999.957850197425,
    997.2056640535163,
    295261.48859563324,
    294861.83348411793,
    294701.986187668,
    996.0291057591762,
    0.7101291838862237,
    0.703308975322841,
    0.7052049995807766,
    0.7089517000080383,
    0.7007413435941395,
    0.7130795747396829,
    0.7003270565091458,
    0.7138019024637741
  ],
  "y_mean": [
    -5136.246571089109,
    7664.527968316832,
    203.32075524752474
  ],
  "y_std": [
    12085.863559330235,
    11741.01585232392,
    10417.026748015336
  ]
}