{
  "X_mean": [
    8041.131798811881,
    0.48222409270575495,
    20.40224228712871,
    -11423.371152475247,
    237443.14824237625,
    7466.59233330693,
    8058.59712760396,
    -5.901449977761448e-14,
    0.032771523050742574,
    -4.720982938709826e-09,
    -0.0085759765625,
    1.1803195028021785e-09,
    0.021874238087871287,
    -5.901449977761448e-14,
    0.0053695220645111385
  ],
  "X_std": [
    527.9117127864226,
    525.7801642177872,
    525.986336030442,
    295221.86508694355,
    295017.4040857609,
    295030.12454580306,
    526.1976504035358,
    0.7101291838862233,
    0.703308975322841,
    0.7052049995807774,
    0.7089517000080379,
    0.700741343594139,
    0.7130795747396836,
    0.7003270565091463,
    0.7138019024637744
  ],
  "y_mean": [
    -5102.004675168317,
    7667.277073742574,
    202.3781405940594
  ],
  "y_std": [
    11978.321480797866,
    11728.323891488395,
    10353.652660256135
  ]
}