{
  "X_mean": [
    8005.407921425743,
    0.5072781075185644,
    22.456005429300742,
    -11332.405369663365,
    237257.4755079604,
    7512.508706534653,
    8144.217235009901,
    -5.901449977761448e-14,
    0.032771523050742574,
    -4.720982938709826e-09,
    -0.0085759765625,
    1.1803195028021785e-09,
    0.021874238087871287,
    -5.901449977761448e-14,
    0.0053695220645111385
  ],
  "X_std": [
    1487.6725433862784,
    1485.9738082150895,
    1487.0815493738337,
    295417.5340903947,
    294896.61378051277,
    294972.4072366253,
    1475.9688489644082,
    0.7101291838862233,
    0.703308975322841,
    0.7052049995807774,
    0.7089517000080379,
    0.700741343594139,
    0.7130795747396836,
    0.7003270565091463,
    0.7138019024637744
  ],
  "y_mean": [
    -5245.03872380198,
    7696.146355960396,
    204.17990487128714
  ],
  "y_std": [
    12266.31141766365,
    11784.19597795706,
    10528.006020334296
  ]
}