{
  "X_mean": [
    8001.476932435644,
    0.4304394818804146,
    21.380085410891088,
    -11783.183770613861,
    237335.59555548514,
    7325.085657346534,
    8064.492067485148,
    -5.901449977761448e-14,
    0.032771523050742574,
    -4.720982938709826e-09,
    -0.0085759765625,
    1.1803195028021785e-09,
    0.021874238087871287,
    -5.901449977761448e-14,
    0.0053695220645111385
  ],
  "X_std": [
    999.7075427878249,
    1000.8029256905019,
    999.7777583516892,
    295029.9319126808,
    294909.7504420422,
    294703.27393834613,
    995.5607164252485,
    0.7101291838862233,
    0.703308975322841,
    0.7052049995807774,
    0.7089517000080379,
    0.700741343594139,
    0.7130795747396836,
    0.7003270565091463,
    0.7138019024637744
  ],
  "y_mean": [
    -5142.049011326732,
    7677.859682851486,
    197.19345047029702
  ],
  "y_std": [
    12075.870667211035,
    11747.64783858348,
    10420.517464584133
  ]
}