{
  "X_mean": [
    7999.527540594059,
    5.562852574257426,
    24.34901584158416,
    -11281.96978059406,
    236767.31067564356,
    7845.026547326733,
    8062.772061782178,
    -5.901449977761448e-14,
    0.032771523050742574,
    -4.720982938709826e-09,
    -0.0085759765625,
    1.1803195028021785e-09,
    0.021874238087871287,
    -5.901449977761448e-14,
    0.0053695220645111385
  ],
  "X_std": [
    999.425626263238,
    1004.9447583930763,
    998.2618900115554,
    295658.21026502864,
    294267.21978972765,
    294135.03899083874,
    995.2896596481261,
    0.7101291838862236,
    0.703308975322841,
    0.7052049995807768,
    0.7089517000080383,
    0.7007413435941395,
    0.7130795747396829,
    0.7003270565091458,
    0.7138019024637741
  ],
  "y_mean": [
    -5156.08064,
    7657.876327920792,
    200.83672396039603
  ],
  "y_std": [
    12106.658136819924,
    11713.909673942766,
    10402.717071546453
  ]
}